Date,Year,Quarter,Month,MonthName,Week,Day,DayOfWeek,DayName,IsWeekend
2023-01-01,2023,2023Q1,1,January,52,1,7,Sunday,True
2023-01-02,2023,2023Q1,1,January,1,2,1,Monday,False
2023-01-03,2023,2023Q1,1,January,1,3,2,Tuesday,False
2023-01-04,2023,2023Q1,1,January,1,4,3,Wednesday,False
2023-01-05,2023,2023Q1,1,January,1,5,4,Thursday,False
2023-01-06,2023,2023Q1,1,January,1,6,5,Friday,False
2023-01-07,2023,2023Q1,1,January,1,7,6,Saturday,True
2023-01-08,2023,2023Q1,1,January,1,8,7,Sunday,True
2023-01-09,2023,2023Q1,1,January,2,9,1,Monday,False
2023-01-10,2023,2023Q1,1,January,2,10,2,Tuesday,False
2023-01-11,2023,2023Q1,1,January,2,11,3,Wednesday,False
2023-01-12,2023,2023Q1,1,January,2,12,4,Thursday,False
2023-01-13,2023,2023Q1,1,January,2,13,5,Friday,False
2023-01-14,2023,2023Q1,1,January,2,14,6,Saturday,True
2023-01-15,2023,2023Q1,1,January,2,15,7,Sunday,True
2023-01-16,2023,2023Q1,1,January,3,16,1,Monday,False
2023-01-17,2023,2023Q1,1,January,3,17,2,Tuesday,False
2023-01-18,2023,2023Q1,1,January,3,18,3,Wednesday,False
2023-01-19,2023,2023Q1,1,January,3,19,4,Thursday,False
2023-01-20,2023,2023Q1,1,January,3,20,5,Friday,False
2023-01-21,2023,2023Q1,1,January,3,21,6,Saturday,True
2023-01-22,2023,2023Q1,1,January,3,22,7,Sunday,True
2023-01-23,2023,2023Q1,1,January,4,23,1,Monday,False
2023-01-24,2023,2023Q1,1,January,4,24,2,Tuesday,False
2023-01-25,2023,2023Q1,1,January,4,25,3,Wednesday,False
2023-01-26,2023,2023Q1,1,January,4,26,4,Thursday,False
2023-01-27,2023,2023Q1,1,January,4,27,5,Friday,False
2023-01-28,2023,2023Q1,1,January,4,28,6,Saturday,True
2023-01-29,2023,2023Q1,1,January,4,29,7,Sunday,True
2023-01-30,2023,2023Q1,1,January,5,30,1,Monday,False
2023-01-31,2023,2023Q1,1,January,5,31,2,Tuesday,False
2023-02-01,2023,2023Q1,2,February,5,1,3,Wednesday,False
2023-02-02,2023,2023Q1,2,February,5,2,4,Thursday,False
2023-02-03,2023,2023Q1,2,February,5,3,5,Friday,False
2023-02-04,2023,2023Q1,2,February,5,4,6,Saturday,True
2023-02-05,2023,2023Q1,2,February,5,5,7,Sunday,True
2023-02-06,2023,2023Q1,2,February,6,6,1,Monday,False
2023-02-07,2023,2023Q1,2,February,6,7,2,Tuesday,False
2023-02-08,2023,2023Q1,2,February,6,8,3,Wednesday,False
2023-02-09,2023,2023Q1,2,February,6,9,4,Thursday,False
2023-02-10,2023,2023Q1,2,February,6,10,5,Friday,False
2023-02-11,2023,2023Q1,2,February,6,11,6,Saturday,True
2023-02-12,2023,2023Q1,2,February,6,12,7,Sunday,True
2023-02-13,2023,2023Q1,2,February,7,13,1,Monday,False
2023-02-14,2023,2023Q1,2,February,7,14,2,Tuesday,False
2023-02-15,2023,2023Q1,2,February,7,15,3,Wednesday,False
2023-02-16,2023,2023Q1,2,February,7,16,4,Thursday,False
2023-02-17,2023,2023Q1,2,February,7,17,5,Friday,False
2023-02-18,2023,2023Q1,2,February,7,18,6,Saturday,True
2023-02-19,2023,2023Q1,2,February,7,19,7,Sunday,True
2023-02-20,2023,2023Q1,2,February,8,20,1,Monday,False
2023-02-21,2023,2023Q1,2,February,8,21,2,Tuesday,False
2023-02-22,2023,2023Q1,2,February,8,22,3,Wednesday,False
2023-02-23,2023,2023Q1,2,February,8,23,4,Thursday,False
2023-02-24,2023,2023Q1,2,February,8,24,5,Friday,False
2023-02-25,2023,2023Q1,2,February,8,25,6,Saturday,True
2023-02-26,2023,2023Q1,2,February,8,26,7,Sunday,True
2023-02-27,2023,2023Q1,2,February,9,27,1,Monday,False
2023-02-28,2023,2023Q1,2,February,9,28,2,Tuesday,False
2023-03-01,2023,2023Q1,3,March,9,1,3,Wednesday,False
2023-03-02,2023,2023Q1,3,March,9,2,4,Thursday,False
2023-03-03,2023,2023Q1,3,March,9,3,5,Friday,False
2023-03-04,2023,2023Q1,3,March,9,4,6,Saturday,True
2023-03-05,2023,2023Q1,3,March,9,5,7,Sunday,True
2023-03-06,2023,2023Q1,3,March,10,6,1,Monday,False
2023-03-07,2023,2023Q1,3,March,10,7,2,Tuesday,False
2023-03-08,2023,2023Q1,3,March,10,8,3,Wednesday,False
2023-03-09,2023,2023Q1,3,March,10,9,4,Thursday,False
2023-03-10,2023,2023Q1,3,March,10,10,5,Friday,False
2023-03-11,2023,2023Q1,3,March,10,11,6,Saturday,True
2023-03-12,2023,2023Q1,3,March,10,12,7,Sunday,True
2023-03-13,2023,2023Q1,3,March,11,13,1,Monday,False
2023-03-14,2023,2023Q1,3,March,11,14,2,Tuesday,False
2023-03-15,2023,2023Q1,3,March,11,15,3,Wednesday,False
2023-03-16,2023,2023Q1,3,March,11,16,4,Thursday,False
2023-03-17,2023,2023Q1,3,March,11,17,5,Friday,False
2023-03-18,2023,2023Q1,3,March,11,18,6,Saturday,True
2023-03-19,2023,2023Q1,3,March,11,19,7,Sunday,True
2023-03-20,2023,2023Q1,3,March,12,20,1,Monday,False
2023-03-21,2023,2023Q1,3,March,12,21,2,Tuesday,False
2023-03-22,2023,2023Q1,3,March,12,22,3,Wednesday,False
2023-03-23,2023,2023Q1,3,March,12,23,4,Thursday,False
2023-03-24,2023,2023Q1,3,March,12,24,5,Friday,False
2023-03-25,2023,2023Q1,3,March,12,25,6,Saturday,True
2023-03-26,2023,2023Q1,3,March,12,26,7,Sunday,True
2023-03-27,2023,2023Q1,3,March,13,27,1,Monday,False
2023-03-28,2023,2023Q1,3,March,13,28,2,Tuesday,False
2023-03-29,2023,2023Q1,3,March,13,29,3,Wednesday,False
2023-03-30,2023,2023Q1,3,March,13,30,4,Thursday,False
2023-03-31,2023,2023Q1,3,March,13,31,5,Friday,False
2023-04-01,2023,2023Q2,4,April,13,1,6,Saturday,True
2023-04-02,2023,2023Q2,4,April,13,2,7,Sunday,True
2023-04-03,2023,2023Q2,4,April,14,3,1,Monday,False
2023-04-04,2023,2023Q2,4,April,14,4,2,Tuesday,False
2023-04-05,2023,2023Q2,4,April,14,5,3,Wednesday,False
2023-04-06,2023,2023Q2,4,April,14,6,4,Thursday,False
2023-04-07,2023,2023Q2,4,April,14,7,5,Friday,False
2023-04-08,2023,2023Q2,4,April,14,8,6,Saturday,True
2023-04-09,2023,2023Q2,4,April,14,9,7,Sunday,True
2023-04-10,2023,2023Q2,4,April,15,10,1,Monday,False
2023-04-11,2023,2023Q2,4,April,15,11,2,Tuesday,False
2023-04-12,2023,2023Q2,4,April,15,12,3,Wednesday,False
2023-04-13,2023,2023Q2,4,April,15,13,4,Thursday,False
2023-04-14,2023,2023Q2,4,April,15,14,5,Friday,False
2023-04-15,2023,2023Q2,4,April,15,15,6,Saturday,True
2023-04-16,2023,2023Q2,4,April,15,16,7,Sunday,True
2023-04-17,2023,2023Q2,4,April,16,17,1,Monday,False
2023-04-18,2023,2023Q2,4,April,16,18,2,Tuesday,False
2023-04-19,2023,2023Q2,4,April,16,19,3,Wednesday,False
2023-04-20,2023,2023Q2,4,April,16,20,4,Thursday,False
2023-04-21,2023,2023Q2,4,April,16,21,5,Friday,False
2023-04-22,2023,2023Q2,4,April,16,22,6,Saturday,True
2023-04-23,2023,2023Q2,4,April,16,23,7,Sunday,True
2023-04-24,2023,2023Q2,4,April,17,24,1,Monday,False
2023-04-25,2023,2023Q2,4,April,17,25,2,Tuesday,False
2023-04-26,2023,2023Q2,4,April,17,26,3,Wednesday,False
2023-04-27,2023,2023Q2,4,April,17,27,4,Thursday,False
2023-04-28,2023,2023Q2,4,April,17,28,5,Friday,False
2023-04-29,2023,2023Q2,4,April,17,29,6,Saturday,True
2023-04-30,2023,2023Q2,4,April,17,30,7,Sunday,True
2023-05-01,2023,2023Q2,5,May,18,1,1,Monday,False
2023-05-02,2023,2023Q2,5,May,18,2,2,Tuesday,False
2023-05-03,2023,2023Q2,5,May,18,3,3,Wednesday,False
2023-05-04,2023,2023Q2,5,May,18,4,4,Thursday,False
2023-05-05,2023,2023Q2,5,May,18,5,5,Friday,False
2023-05-06,2023,2023Q2,5,May,18,6,6,Saturday,True
2023-05-07,2023,2023Q2,5,May,18,7,7,Sunday,True
2023-05-08,2023,2023Q2,5,May,19,8,1,Monday,False
2023-05-09,2023,2023Q2,5,May,19,9,2,Tuesday,False
2023-05-10,2023,2023Q2,5,May,19,10,3,Wednesday,False
2023-05-11,2023,2023Q2,5,May,19,11,4,Thursday,False
2023-05-12,2023,2023Q2,5,May,19,12,5,Friday,False
2023-05-13,2023,2023Q2,5,May,19,13,6,Saturday,True
2023-05-14,2023,2023Q2,5,May,19,14,7,Sunday,True
2023-05-15,2023,2023Q2,5,May,20,15,1,Monday,False
2023-05-16,2023,2023Q2,5,May,20,16,2,Tuesday,False
2023-05-17,2023,2023Q2,5,May,20,17,3,Wednesday,False
2023-05-18,2023,2023Q2,5,May,20,18,4,Thursday,False
2023-05-19,2023,2023Q2,5,May,20,19,5,Friday,False
2023-05-20,2023,2023Q2,5,May,20,20,6,Saturday,True
2023-05-21,2023,2023Q2,5,May,20,21,7,Sunday,True
2023-05-22,2023,2023Q2,5,May,21,22,1,Monday,False
2023-05-23,2023,2023Q2,5,May,21,23,2,Tuesday,False
2023-05-24,2023,2023Q2,5,May,21,24,3,Wednesday,False
2023-05-25,2023,2023Q2,5,May,21,25,4,Thursday,False
2023-05-26,2023,2023Q2,5,May,21,26,5,Friday,False
2023-05-27,2023,2023Q2,5,May,21,27,6,Saturday,True
2023-05-28,2023,2023Q2,5,May,21,28,7,Sunday,True
2023-05-29,2023,2023Q2,5,May,22,29,1,Monday,False
2023-05-30,2023,2023Q2,5,May,22,30,2,Tuesday,False
2023-05-31,2023,2023Q2,5,May,22,31,3,Wednesday,False
2023-06-01,2023,2023Q2,6,June,22,1,4,Thursday,False
2023-06-02,2023,2023Q2,6,June,22,2,5,Friday,False
2023-06-03,2023,2023Q2,6,June,22,3,6,Saturday,True
2023-06-04,2023,2023Q2,6,June,22,4,7,Sunday,True
2023-06-05,2023,2023Q2,6,June,23,5,1,Monday,False
2023-06-06,2023,2023Q2,6,June,23,6,2,Tuesday,False
2023-06-07,2023,2023Q2,6,June,23,7,3,Wednesday,False
2023-06-08,2023,2023Q2,6,June,23,8,4,Thursday,False
2023-06-09,2023,2023Q2,6,June,23,9,5,Friday,False
2023-06-10,2023,2023Q2,6,June,23,10,6,Saturday,True
2023-06-11,2023,2023Q2,6,June,23,11,7,Sunday,True
2023-06-12,2023,2023Q2,6,June,24,12,1,Monday,False
2023-06-13,2023,2023Q2,6,June,24,13,2,Tuesday,False
2023-06-14,2023,2023Q2,6,June,24,14,3,Wednesday,False
2023-06-15,2023,2023Q2,6,June,24,15,4,Thursday,False
2023-06-16,2023,2023Q2,6,June,24,16,5,Friday,False
2023-06-17,2023,2023Q2,6,June,24,17,6,Saturday,True
2023-06-18,2023,2023Q2,6,June,24,18,7,Sunday,True
2023-06-19,2023,2023Q2,6,June,25,19,1,Monday,False
2023-06-20,2023,2023Q2,6,June,25,20,2,Tuesday,False
2023-06-21,2023,2023Q2,6,June,25,21,3,Wednesday,False
2023-06-22,2023,2023Q2,6,June,25,22,4,Thursday,False
2023-06-23,2023,2023Q2,6,June,25,23,5,Friday,False
2023-06-24,2023,2023Q2,6,June,25,24,6,Saturday,True
2023-06-25,2023,2023Q2,6,June,25,25,7,Sunday,True
2023-06-26,2023,2023Q2,6,June,26,26,1,Monday,False
2023-06-27,2023,2023Q2,6,June,26,27,2,Tuesday,False
2023-06-28,2023,2023Q2,6,June,26,28,3,Wednesday,False
2023-06-29,2023,2023Q2,6,June,26,29,4,Thursday,False
2023-06-30,2023,2023Q2,6,June,26,30,5,Friday,False
2023-07-01,2023,2023Q3,7,July,26,1,6,Saturday,True
2023-07-02,2023,2023Q3,7,July,26,2,7,Sunday,True
2023-07-03,2023,2023Q3,7,July,27,3,1,Monday,False
2023-07-04,2023,2023Q3,7,July,27,4,2,Tuesday,False
2023-07-05,2023,2023Q3,7,July,27,5,3,Wednesday,False
2023-07-06,2023,2023Q3,7,July,27,6,4,Thursday,False
2023-07-07,2023,2023Q3,7,July,27,7,5,Friday,False
2023-07-08,2023,2023Q3,7,July,27,8,6,Saturday,True
2023-07-09,2023,2023Q3,7,July,27,9,7,Sunday,True
2023-07-10,2023,2023Q3,7,July,28,10,1,Monday,False
2023-07-11,2023,2023Q3,7,July,28,11,2,Tuesday,False
2023-07-12,2023,2023Q3,7,July,28,12,3,Wednesday,False
2023-07-13,2023,2023Q3,7,July,28,13,4,Thursday,False
2023-07-14,2023,2023Q3,7,July,28,14,5,Friday,False
2023-07-15,2023,2023Q3,7,July,28,15,6,Saturday,True
2023-07-16,2023,2023Q3,7,July,28,16,7,Sunday,True
2023-07-17,2023,2023Q3,7,July,29,17,1,Monday,False
2023-07-18,2023,2023Q3,7,July,29,18,2,Tuesday,False
2023-07-19,2023,2023Q3,7,July,29,19,3,Wednesday,False
2023-07-20,2023,2023Q3,7,July,29,20,4,Thursday,False
2023-07-21,2023,2023Q3,7,July,29,21,5,Friday,False
2023-07-22,2023,2023Q3,7,July,29,22,6,Saturday,True
2023-07-23,2023,2023Q3,7,July,29,23,7,Sunday,True
2023-07-24,2023,2023Q3,7,July,30,24,1,Monday,False
2023-07-25,2023,2023Q3,7,July,30,25,2,Tuesday,False
2023-07-26,2023,2023Q3,7,July,30,26,3,Wednesday,False
2023-07-27,2023,2023Q3,7,July,30,27,4,Thursday,False
2023-07-28,2023,2023Q3,7,July,30,28,5,Friday,False
2023-07-29,2023,2023Q3,7,July,30,29,6,Saturday,True
2023-07-30,2023,2023Q3,7,July,30,30,7,Sunday,True
2023-07-31,2023,2023Q3,7,July,31,31,1,Monday,False
2023-08-01,2023,2023Q3,8,August,31,1,2,Tuesday,False
2023-08-02,2023,2023Q3,8,August,31,2,3,Wednesday,False
2023-08-03,2023,2023Q3,8,August,31,3,4,Thursday,False
2023-08-04,2023,2023Q3,8,August,31,4,5,Friday,False
2023-08-05,2023,2023Q3,8,August,31,5,6,Saturday,True
2023-08-06,2023,2023Q3,8,August,31,6,7,Sunday,True
2023-08-07,2023,2023Q3,8,August,32,7,1,Monday,False
2023-08-08,2023,2023Q3,8,August,32,8,2,Tuesday,False
2023-08-09,2023,2023Q3,8,August,32,9,3,Wednesday,False
2023-08-10,2023,2023Q3,8,August,32,10,4,Thursday,False
2023-08-11,2023,2023Q3,8,August,32,11,5,Friday,False
2023-08-12,2023,2023Q3,8,August,32,12,6,Saturday,True
2023-08-13,2023,2023Q3,8,August,32,13,7,Sunday,True
2023-08-14,2023,2023Q3,8,August,33,14,1,Monday,False
2023-08-15,2023,2023Q3,8,August,33,15,2,Tuesday,False
2023-08-16,2023,2023Q3,8,August,33,16,3,Wednesday,False
2023-08-17,2023,2023Q3,8,August,33,17,4,Thursday,False
2023-08-18,2023,2023Q3,8,August,33,18,5,Friday,False
2023-08-19,2023,2023Q3,8,August,33,19,6,Saturday,True
2023-08-20,2023,2023Q3,8,August,33,20,7,Sunday,True
2023-08-21,2023,2023Q3,8,August,34,21,1,Monday,False
2023-08-22,2023,2023Q3,8,August,34,22,2,Tuesday,False
2023-08-23,2023,2023Q3,8,August,34,23,3,Wednesday,False
2023-08-24,2023,2023Q3,8,August,34,24,4,Thursday,False
2023-08-25,2023,2023Q3,8,August,34,25,5,Friday,False
2023-08-26,2023,2023Q3,8,August,34,26,6,Saturday,True
2023-08-27,2023,2023Q3,8,August,34,27,7,Sunday,True
2023-08-28,2023,2023Q3,8,August,35,28,1,Monday,False
2023-08-29,2023,2023Q3,8,August,35,29,2,Tuesday,False
2023-08-30,2023,2023Q3,8,August,35,30,3,Wednesday,False
2023-08-31,2023,2023Q3,8,August,35,31,4,Thursday,False
2023-09-01,2023,2023Q3,9,September,35,1,5,Friday,False
2023-09-02,2023,2023Q3,9,September,35,2,6,Saturday,True
2023-09-03,2023,2023Q3,9,September,35,3,7,Sunday,True
2023-09-04,2023,2023Q3,9,September,36,4,1,Monday,False
2023-09-05,2023,2023Q3,9,September,36,5,2,Tuesday,False
2023-09-06,2023,2023Q3,9,September,36,6,3,Wednesday,False
2023-09-07,2023,2023Q3,9,September,36,7,4,Thursday,False
2023-09-08,2023,2023Q3,9,September,36,8,5,Friday,False
2023-09-09,2023,2023Q3,9,September,36,9,6,Saturday,True
2023-09-10,2023,2023Q3,9,September,36,10,7,Sunday,True
2023-09-11,2023,2023Q3,9,September,37,11,1,Monday,False
2023-09-12,2023,2023Q3,9,September,37,12,2,Tuesday,False
2023-09-13,2023,2023Q3,9,September,37,13,3,Wednesday,False
2023-09-14,2023,2023Q3,9,September,37,14,4,Thursday,False
2023-09-15,2023,2023Q3,9,September,37,15,5,Friday,False
2023-09-16,2023,2023Q3,9,September,37,16,6,Saturday,True
2023-09-17,2023,2023Q3,9,September,37,17,7,Sunday,True
2023-09-18,2023,2023Q3,9,September,38,18,1,Monday,False
2023-09-19,2023,2023Q3,9,September,38,19,2,Tuesday,False
2023-09-20,2023,2023Q3,9,September,38,20,3,Wednesday,False
2023-09-21,2023,2023Q3,9,September,38,21,4,Thursday,False
2023-09-22,2023,2023Q3,9,September,38,22,5,Friday,False
2023-09-23,2023,2023Q3,9,September,38,23,6,Saturday,True
2023-09-24,2023,2023Q3,9,September,38,24,7,Sunday,True
2023-09-25,2023,2023Q3,9,September,39,25,1,Monday,False
2023-09-26,2023,2023Q3,9,September,39,26,2,Tuesday,False
2023-09-27,2023,2023Q3,9,September,39,27,3,Wednesday,False
2023-09-28,2023,2023Q3,9,September,39,28,4,Thursday,False
2023-09-29,2023,2023Q3,9,September,39,29,5,Friday,False
2023-09-30,2023,2023Q3,9,September,39,30,6,Saturday,True
2023-10-01,2023,2023Q4,10,October,39,1,7,Sunday,True
2023-10-02,2023,2023Q4,10,October,40,2,1,Monday,False
2023-10-03,2023,2023Q4,10,October,40,3,2,Tuesday,False
2023-10-04,2023,2023Q4,10,October,40,4,3,Wednesday,False
2023-10-05,2023,2023Q4,10,October,40,5,4,Thursday,False
2023-10-06,2023,2023Q4,10,October,40,6,5,Friday,False
2023-10-07,2023,2023Q4,10,October,40,7,6,Saturday,True
2023-10-08,2023,2023Q4,10,October,40,8,7,Sunday,True
2023-10-09,2023,2023Q4,10,October,41,9,1,Monday,False
2023-10-10,2023,2023Q4,10,October,41,10,2,Tuesday,False
2023-10-11,2023,2023Q4,10,October,41,11,3,Wednesday,False
2023-10-12,2023,2023Q4,10,October,41,12,4,Thursday,False
2023-10-13,2023,2023Q4,10,October,41,13,5,Friday,False
2023-10-14,2023,2023Q4,10,October,41,14,6,Saturday,True
2023-10-15,2023,2023Q4,10,October,41,15,7,Sunday,True
2023-10-16,2023,2023Q4,10,October,42,16,1,Monday,False
2023-10-17,2023,2023Q4,10,October,42,17,2,Tuesday,False
2023-10-18,2023,2023Q4,10,October,42,18,3,Wednesday,False
2023-10-19,2023,2023Q4,10,October,42,19,4,Thursday,False
2023-10-20,2023,2023Q4,10,October,42,20,5,Friday,False
2023-10-21,2023,2023Q4,10,October,42,21,6,Saturday,True
2023-10-22,2023,2023Q4,10,October,42,22,7,Sunday,True
2023-10-23,2023,2023Q4,10,October,43,23,1,Monday,False
2023-10-24,2023,2023Q4,10,October,43,24,2,Tuesday,False
2023-10-25,2023,2023Q4,10,October,43,25,3,Wednesday,False
2023-10-26,2023,2023Q4,10,October,43,26,4,Thursday,False
2023-10-27,2023,2023Q4,10,October,43,27,5,Friday,False
2023-10-28,2023,2023Q4,10,October,43,28,6,Saturday,True
2023-10-29,2023,2023Q4,10,October,43,29,7,Sunday,True
2023-10-30,2023,2023Q4,10,October,44,30,1,Monday,False
2023-10-31,2023,2023Q4,10,October,44,31,2,Tuesday,False
2023-11-01,2023,2023Q4,11,November,44,1,3,Wednesday,False
2023-11-02,2023,2023Q4,11,November,44,2,4,Thursday,False
2023-11-03,2023,2023Q4,11,November,44,3,5,Friday,False
2023-11-04,2023,2023Q4,11,November,44,4,6,Saturday,True
2023-11-05,2023,2023Q4,11,November,44,5,7,Sunday,True
2023-11-06,2023,2023Q4,11,November,45,6,1,Monday,False
2023-11-07,2023,2023Q4,11,November,45,7,2,Tuesday,False
2023-11-08,2023,2023Q4,11,November,45,8,3,Wednesday,False
2023-11-09,2023,2023Q4,11,November,45,9,4,Thursday,False
2023-11-10,2023,2023Q4,11,November,45,10,5,Friday,False
2023-11-11,2023,2023Q4,11,November,45,11,6,Saturday,True
2023-11-12,2023,2023Q4,11,November,45,12,7,Sunday,True
2023-11-13,2023,2023Q4,11,November,46,13,1,Monday,False
2023-11-14,2023,2023Q4,11,November,46,14,2,Tuesday,False
2023-11-15,2023,2023Q4,11,November,46,15,3,Wednesday,False
2023-11-16,2023,2023Q4,11,November,46,16,4,Thursday,False
2023-11-17,2023,2023Q4,11,November,46,17,5,Friday,False
2023-11-18,2023,2023Q4,11,November,46,18,6,Saturday,True
2023-11-19,2023,2023Q4,11,November,46,19,7,Sunday,True
2023-11-20,2023,2023Q4,11,November,47,20,1,Monday,False
2023-11-21,2023,2023Q4,11,November,47,21,2,Tuesday,False
2023-11-22,2023,2023Q4,11,November,47,22,3,Wednesday,False
2023-11-23,2023,2023Q4,11,November,47,23,4,Thursday,False
2023-11-24,2023,2023Q4,11,November,47,24,5,Friday,False
2023-11-25,2023,2023Q4,11,November,47,25,6,Saturday,True
2023-11-26,2023,2023Q4,11,November,47,26,7,Sunday,True
2023-11-27,2023,2023Q4,11,November,48,27,1,Monday,False
2023-11-28,2023,2023Q4,11,November,48,28,2,Tuesday,False
2023-11-29,2023,2023Q4,11,November,48,29,3,Wednesday,False
2023-11-30,2023,2023Q4,11,November,48,30,4,Thursday,False
2023-12-01,2023,2023Q4,12,December,48,1,5,Friday,False
2023-12-02,2023,2023Q4,12,December,48,2,6,Saturday,True
2023-12-03,2023,2023Q4,12,December,48,3,7,Sunday,True
2023-12-04,2023,2023Q4,12,December,49,4,1,Monday,False
2023-12-05,2023,2023Q4,12,December,49,5,2,Tuesday,False
2023-12-06,2023,2023Q4,12,December,49,6,3,Wednesday,False
2023-12-07,2023,2023Q4,12,December,49,7,4,Thursday,False
2023-12-08,2023,2023Q4,12,December,49,8,5,Friday,False
2023-12-09,2023,2023Q4,12,December,49,9,6,Saturday,True
2023-12-10,2023,2023Q4,12,December,49,10,7,Sunday,True
2023-12-11,2023,2023Q4,12,December,50,11,1,Monday,False
2023-12-12,2023,2023Q4,12,December,50,12,2,Tuesday,False
2023-12-13,2023,2023Q4,12,December,50,13,3,Wednesday,False
2023-12-14,2023,2023Q4,12,December,50,14,4,Thursday,False
2023-12-15,2023,2023Q4,12,December,50,15,5,Friday,False
2023-12-16,2023,2023Q4,12,December,50,16,6,Saturday,True
2023-12-17,2023,2023Q4,12,December,50,17,7,Sunday,True
2023-12-18,2023,2023Q4,12,December,51,18,1,Monday,False
2023-12-19,2023,2023Q4,12,December,51,19,2,Tuesday,False
2023-12-20,2023,2023Q4,12,December,51,20,3,Wednesday,False
2023-12-21,2023,2023Q4,12,December,51,21,4,Thursday,False
2023-12-22,2023,2023Q4,12,December,51,22,5,Friday,False
2023-12-23,2023,2023Q4,12,December,51,23,6,Saturday,True
2023-12-24,2023,2023Q4,12,December,51,24,7,Sunday,True
2023-12-25,2023,2023Q4,12,December,52,25,1,Monday,False
2023-12-26,2023,2023Q4,12,December,52,26,2,Tuesday,False
2023-12-27,2023,2023Q4,12,December,52,27,3,Wednesday,False
2023-12-28,2023,2023Q4,12,December,52,28,4,Thursday,False
2023-12-29,2023,2023Q4,12,December,52,29,5,Friday,False
2023-12-30,2023,2023Q4,12,December,52,30,6,Saturday,True
2023-12-31,2023,2023Q4,12,December,52,31,7,Sunday,True
2024-01-01,2024,2024Q1,1,January,1,1,1,Monday,False
2024-01-02,2024,2024Q1,1,January,1,2,2,Tuesday,False
2024-01-03,2024,2024Q1,1,January,1,3,3,Wednesday,False
2024-01-04,2024,2024Q1,1,January,1,4,4,Thursday,False
2024-01-05,2024,2024Q1,1,January,1,5,5,Friday,False
2024-01-06,2024,2024Q1,1,January,1,6,6,Saturday,True
2024-01-07,2024,2024Q1,1,January,1,7,7,Sunday,True
2024-01-08,2024,2024Q1,1,January,2,8,1,Monday,False
2024-01-09,2024,2024Q1,1,January,2,9,2,Tuesday,False
2024-01-10,2024,2024Q1,1,January,2,10,3,Wednesday,False
2024-01-11,2024,2024Q1,1,January,2,11,4,Thursday,False
2024-01-12,2024,2024Q1,1,January,2,12,5,Friday,False
2024-01-13,2024,2024Q1,1,January,2,13,6,Saturday,True
2024-01-14,2024,2024Q1,1,January,2,14,7,Sunday,True
2024-01-15,2024,2024Q1,1,January,3,15,1,Monday,False
2024-01-16,2024,2024Q1,1,January,3,16,2,Tuesday,False
2024-01-17,2024,2024Q1,1,January,3,17,3,Wednesday,False
2024-01-18,2024,2024Q1,1,January,3,18,4,Thursday,False
2024-01-19,2024,2024Q1,1,January,3,19,5,Friday,False
2024-01-20,2024,2024Q1,1,January,3,20,6,Saturday,True
2024-01-21,2024,2024Q1,1,January,3,21,7,Sunday,True
2024-01-22,2024,2024Q1,1,January,4,22,1,Monday,False
2024-01-23,2024,2024Q1,1,January,4,23,2,Tuesday,False
2024-01-24,2024,2024Q1,1,January,4,24,3,Wednesday,False
2024-01-25,2024,2024Q1,1,January,4,25,4,Thursday,False
2024-01-26,2024,2024Q1,1,January,4,26,5,Friday,False
2024-01-27,2024,2024Q1,1,January,4,27,6,Saturday,True
2024-01-28,2024,2024Q1,1,January,4,28,7,Sunday,True
2024-01-29,2024,2024Q1,1,January,5,29,1,Monday,False
2024-01-30,2024,2024Q1,1,January,5,30,2,Tuesday,False
2024-01-31,2024,2024Q1,1,January,5,31,3,Wednesday,False
2024-02-01,2024,2024Q1,2,February,5,1,4,Thursday,False
2024-02-02,2024,2024Q1,2,February,5,2,5,Friday,False
2024-02-03,2024,2024Q1,2,February,5,3,6,Saturday,True
2024-02-04,2024,2024Q1,2,February,5,4,7,Sunday,True
2024-02-05,2024,2024Q1,2,February,6,5,1,Monday,False
2024-02-06,2024,2024Q1,2,February,6,6,2,Tuesday,False
2024-02-07,2024,2024Q1,2,February,6,7,3,Wednesday,False
2024-02-08,2024,2024Q1,2,February,6,8,4,Thursday,False
2024-02-09,2024,2024Q1,2,February,6,9,5,Friday,False
2024-02-10,2024,2024Q1,2,February,6,10,6,Saturday,True
2024-02-11,2024,2024Q1,2,February,6,11,7,Sunday,True
2024-02-12,2024,2024Q1,2,February,7,12,1,Monday,False
2024-02-13,2024,2024Q1,2,February,7,13,2,Tuesday,False
2024-02-14,2024,2024Q1,2,February,7,14,3,Wednesday,False
2024-02-15,2024,2024Q1,2,February,7,15,4,Thursday,False
2024-02-16,2024,2024Q1,2,February,7,16,5,Friday,False
2024-02-17,2024,2024Q1,2,February,7,17,6,Saturday,True
2024-02-18,2024,2024Q1,2,February,7,18,7,Sunday,True
2024-02-19,2024,2024Q1,2,February,8,19,1,Monday,False
2024-02-20,2024,2024Q1,2,February,8,20,2,Tuesday,False
2024-02-21,2024,2024Q1,2,February,8,21,3,Wednesday,False
2024-02-22,2024,2024Q1,2,February,8,22,4,Thursday,False
2024-02-23,2024,2024Q1,2,February,8,23,5,Friday,False
2024-02-24,2024,2024Q1,2,February,8,24,6,Saturday,True
2024-02-25,2024,2024Q1,2,February,8,25,7,Sunday,True
2024-02-26,2024,2024Q1,2,February,9,26,1,Monday,False
2024-02-27,2024,2024Q1,2,February,9,27,2,Tuesday,False
2024-02-28,2024,2024Q1,2,February,9,28,3,Wednesday,False
2024-02-29,2024,2024Q1,2,February,9,29,4,Thursday,False
2024-03-01,2024,2024Q1,3,March,9,1,5,Friday,False
2024-03-02,2024,2024Q1,3,March,9,2,6,Saturday,True
2024-03-03,2024,2024Q1,3,March,9,3,7,Sunday,True
2024-03-04,2024,2024Q1,3,March,10,4,1,Monday,False
2024-03-05,2024,2024Q1,3,March,10,5,2,Tuesday,False
2024-03-06,2024,2024Q1,3,March,10,6,3,Wednesday,False
2024-03-07,2024,2024Q1,3,March,10,7,4,Thursday,False
2024-03-08,2024,2024Q1,3,March,10,8,5,Friday,False
2024-03-09,2024,2024Q1,3,March,10,9,6,Saturday,True
2024-03-10,2024,2024Q1,3,March,10,10,7,Sunday,True
2024-03-11,2024,2024Q1,3,March,11,11,1,Monday,False
2024-03-12,2024,2024Q1,3,March,11,12,2,Tuesday,False
2024-03-13,2024,2024Q1,3,March,11,13,3,Wednesday,False
2024-03-14,2024,2024Q1,3,March,11,14,4,Thursday,False
2024-03-15,2024,2024Q1,3,March,11,15,5,Friday,False
2024-03-16,2024,2024Q1,3,March,11,16,6,Saturday,True
2024-03-17,2024,2024Q1,3,March,11,17,7,Sunday,True
2024-03-18,2024,2024Q1,3,March,12,18,1,Monday,False
2024-03-19,2024,2024Q1,3,March,12,19,2,Tuesday,False
2024-03-20,2024,2024Q1,3,March,12,20,3,Wednesday,False
2024-03-21,2024,2024Q1,3,March,12,21,4,Thursday,False
2024-03-22,2024,2024Q1,3,March,12,22,5,Friday,False
2024-03-23,2024,2024Q1,3,March,12,23,6,Saturday,True
2024-03-24,2024,2024Q1,3,March,12,24,7,Sunday,True
2024-03-25,2024,2024Q1,3,March,13,25,1,Monday,False
2024-03-26,2024,2024Q1,3,March,13,26,2,Tuesday,False
2024-03-27,2024,2024Q1,3,March,13,27,3,Wednesday,False
2024-03-28,2024,2024Q1,3,March,13,28,4,Thursday,False
2024-03-29,2024,2024Q1,3,March,13,29,5,Friday,False
2024-03-30,2024,2024Q1,3,March,13,30,6,Saturday,True
2024-03-31,2024,2024Q1,3,March,13,31,7,Sunday,True
2024-04-01,2024,2024Q2,4,April,14,1,1,Monday,False
2024-04-02,2024,2024Q2,4,April,14,2,2,Tuesday,False
2024-04-03,2024,2024Q2,4,April,14,3,3,Wednesday,False
2024-04-04,2024,2024Q2,4,April,14,4,4,Thursday,False
2024-04-05,2024,2024Q2,4,April,14,5,5,Friday,False
2024-04-06,2024,2024Q2,4,April,14,6,6,Saturday,True
2024-04-07,2024,2024Q2,4,April,14,7,7,Sunday,True
2024-04-08,2024,2024Q2,4,April,15,8,1,Monday,False
2024-04-09,2024,2024Q2,4,April,15,9,2,Tuesday,False
2024-04-10,2024,2024Q2,4,April,15,10,3,Wednesday,False
2024-04-11,2024,2024Q2,4,April,15,11,4,Thursday,False
2024-04-12,2024,2024Q2,4,April,15,12,5,Friday,False
2024-04-13,2024,2024Q2,4,April,15,13,6,Saturday,True
2024-04-14,2024,2024Q2,4,April,15,14,7,Sunday,True
2024-04-15,2024,2024Q2,4,April,16,15,1,Monday,False
2024-04-16,2024,2024Q2,4,April,16,16,2,Tuesday,False
2024-04-17,2024,2024Q2,4,April,16,17,3,Wednesday,False
2024-04-18,2024,2024Q2,4,April,16,18,4,Thursday,False
2024-04-19,2024,2024Q2,4,April,16,19,5,Friday,False
2024-04-20,2024,2024Q2,4,April,16,20,6,Saturday,True
2024-04-21,2024,2024Q2,4,April,16,21,7,Sunday,True
2024-04-22,2024,2024Q2,4,April,17,22,1,Monday,False
2024-04-23,2024,2024Q2,4,April,17,23,2,Tuesday,False
2024-04-24,2024,2024Q2,4,April,17,24,3,Wednesday,False
2024-04-25,2024,2024Q2,4,April,17,25,4,Thursday,False
2024-04-26,2024,2024Q2,4,April,17,26,5,Friday,False
2024-04-27,2024,2024Q2,4,April,17,27,6,Saturday,True
2024-04-28,2024,2024Q2,4,April,17,28,7,Sunday,True
2024-04-29,2024,2024Q2,4,April,18,29,1,Monday,False
2024-04-30,2024,2024Q2,4,April,18,30,2,Tuesday,False
2024-05-01,2024,2024Q2,5,May,18,1,3,Wednesday,False
2024-05-02,2024,2024Q2,5,May,18,2,4,Thursday,False
2024-05-03,2024,2024Q2,5,May,18,3,5,Friday,False
2024-05-04,2024,2024Q2,5,May,18,4,6,Saturday,True
2024-05-05,2024,2024Q2,5,May,18,5,7,Sunday,True
2024-05-06,2024,2024Q2,5,May,19,6,1,Monday,False
2024-05-07,2024,2024Q2,5,May,19,7,2,Tuesday,False
2024-05-08,2024,2024Q2,5,May,19,8,3,Wednesday,False
2024-05-09,2024,2024Q2,5,May,19,9,4,Thursday,False
2024-05-10,2024,2024Q2,5,May,19,10,5,Friday,False
2024-05-11,2024,2024Q2,5,May,19,11,6,Saturday,True
2024-05-12,2024,2024Q2,5,May,19,12,7,Sunday,True
2024-05-13,2024,2024Q2,5,May,20,13,1,Monday,False
2024-05-14,2024,2024Q2,5,May,20,14,2,Tuesday,False
2024-05-15,2024,2024Q2,5,May,20,15,3,Wednesday,False
2024-05-16,2024,2024Q2,5,May,20,16,4,Thursday,False
2024-05-17,2024,2024Q2,5,May,20,17,5,Friday,False
2024-05-18,2024,2024Q2,5,May,20,18,6,Saturday,True
2024-05-19,2024,2024Q2,5,May,20,19,7,Sunday,True
2024-05-20,2024,2024Q2,5,May,21,20,1,Monday,False
2024-05-21,2024,2024Q2,5,May,21,21,2,Tuesday,False
2024-05-22,2024,2024Q2,5,May,21,22,3,Wednesday,False
2024-05-23,2024,2024Q2,5,May,21,23,4,Thursday,False
2024-05-24,2024,2024Q2,5,May,21,24,5,Friday,False
2024-05-25,2024,2024Q2,5,May,21,25,6,Saturday,True
2024-05-26,2024,2024Q2,5,May,21,26,7,Sunday,True
2024-05-27,2024,2024Q2,5,May,22,27,1,Monday,False
2024-05-28,2024,2024Q2,5,May,22,28,2,Tuesday,False
2024-05-29,2024,2024Q2,5,May,22,29,3,Wednesday,False
2024-05-30,2024,2024Q2,5,May,22,30,4,Thursday,False
2024-05-31,2024,2024Q2,5,May,22,31,5,Friday,False
2024-06-01,2024,2024Q2,6,June,22,1,6,Saturday,True
2024-06-02,2024,2024Q2,6,June,22,2,7,Sunday,True
2024-06-03,2024,2024Q2,6,June,23,3,1,Monday,False
2024-06-04,2024,2024Q2,6,June,23,4,2,Tuesday,False
2024-06-05,2024,2024Q2,6,June,23,5,3,Wednesday,False
2024-06-06,2024,2024Q2,6,June,23,6,4,Thursday,False
2024-06-07,2024,2024Q2,6,June,23,7,5,Friday,False
2024-06-08,2024,2024Q2,6,June,23,8,6,Saturday,True
2024-06-09,2024,2024Q2,6,June,23,9,7,Sunday,True
2024-06-10,2024,2024Q2,6,June,24,10,1,Monday,False
2024-06-11,2024,2024Q2,6,June,24,11,2,Tuesday,False
2024-06-12,2024,2024Q2,6,June,24,12,3,Wednesday,False
2024-06-13,2024,2024Q2,6,June,24,13,4,Thursday,False
2024-06-14,2024,2024Q2,6,June,24,14,5,Friday,False
2024-06-15,2024,2024Q2,6,June,24,15,6,Saturday,True
2024-06-16,2024,2024Q2,6,June,24,16,7,Sunday,True
2024-06-17,2024,2024Q2,6,June,25,17,1,Monday,False
2024-06-18,2024,2024Q2,6,June,25,18,2,Tuesday,False
2024-06-19,2024,2024Q2,6,June,25,19,3,Wednesday,False
2024-06-20,2024,2024Q2,6,June,25,20,4,Thursday,False
2024-06-21,2024,2024Q2,6,June,25,21,5,Friday,False
2024-06-22,2024,2024Q2,6,June,25,22,6,Saturday,True
2024-06-23,2024,2024Q2,6,June,25,23,7,Sunday,True
2024-06-24,2024,2024Q2,6,June,26,24,1,Monday,False
2024-06-25,2024,2024Q2,6,June,26,25,2,Tuesday,False
2024-06-26,2024,2024Q2,6,June,26,26,3,Wednesday,False
2024-06-27,2024,2024Q2,6,June,26,27,4,Thursday,False
2024-06-28,2024,2024Q2,6,June,26,28,5,Friday,False
2024-06-29,2024,2024Q2,6,June,26,29,6,Saturday,True
2024-06-30,2024,2024Q2,6,June,26,30,7,Sunday,True
2024-07-01,2024,2024Q3,7,July,27,1,1,Monday,False
2024-07-02,2024,2024Q3,7,July,27,2,2,Tuesday,False
2024-07-03,2024,2024Q3,7,July,27,3,3,Wednesday,False
2024-07-04,2024,2024Q3,7,July,27,4,4,Thursday,False
2024-07-05,2024,2024Q3,7,July,27,5,5,Friday,False
2024-07-06,2024,2024Q3,7,July,27,6,6,Saturday,True
2024-07-07,2024,2024Q3,7,July,27,7,7,Sunday,True
2024-07-08,2024,2024Q3,7,July,28,8,1,Monday,False
2024-07-09,2024,2024Q3,7,July,28,9,2,Tuesday,False
2024-07-10,2024,2024Q3,7,July,28,10,3,Wednesday,False
2024-07-11,2024,2024Q3,7,July,28,11,4,Thursday,False
2024-07-12,2024,2024Q3,7,July,28,12,5,Friday,False
2024-07-13,2024,2024Q3,7,July,28,13,6,Saturday,True
2024-07-14,2024,2024Q3,7,July,28,14,7,Sunday,True
2024-07-15,2024,2024Q3,7,July,29,15,1,Monday,False
2024-07-16,2024,2024Q3,7,July,29,16,2,Tuesday,False
2024-07-17,2024,2024Q3,7,July,29,17,3,Wednesday,False
2024-07-18,2024,2024Q3,7,July,29,18,4,Thursday,False
2024-07-19,2024,2024Q3,7,July,29,19,5,Friday,False
2024-07-20,2024,2024Q3,7,July,29,20,6,Saturday,True
2024-07-21,2024,2024Q3,7,July,29,21,7,Sunday,True
2024-07-22,2024,2024Q3,7,July,30,22,1,Monday,False
2024-07-23,2024,2024Q3,7,July,30,23,2,Tuesday,False
2024-07-24,2024,2024Q3,7,July,30,24,3,Wednesday,False
2024-07-25,2024,2024Q3,7,July,30,25,4,Thursday,False
2024-07-26,2024,2024Q3,7,July,30,26,5,Friday,False
2024-07-27,2024,2024Q3,7,July,30,27,6,Saturday,True
2024-07-28,2024,2024Q3,7,July,30,28,7,Sunday,True
2024-07-29,2024,2024Q3,7,July,31,29,1,Monday,False
2024-07-30,2024,2024Q3,7,July,31,30,2,Tuesday,False
2024-07-31,2024,2024Q3,7,July,31,31,3,Wednesday,False
2024-08-01,2024,2024Q3,8,August,31,1,4,Thursday,False
2024-08-02,2024,2024Q3,8,August,31,2,5,Friday,False
2024-08-03,2024,2024Q3,8,August,31,3,6,Saturday,True
2024-08-04,2024,2024Q3,8,August,31,4,7,Sunday,True
2024-08-05,2024,2024Q3,8,August,32,5,1,Monday,False
2024-08-06,2024,2024Q3,8,August,32,6,2,Tuesday,False
2024-08-07,2024,2024Q3,8,August,32,7,3,Wednesday,False
2024-08-08,2024,2024Q3,8,August,32,8,4,Thursday,False
2024-08-09,2024,2024Q3,8,August,32,9,5,Friday,False
2024-08-10,2024,2024Q3,8,August,32,10,6,Saturday,True
2024-08-11,2024,2024Q3,8,August,32,11,7,Sunday,True
2024-08-12,2024,2024Q3,8,August,33,12,1,Monday,False
2024-08-13,2024,2024Q3,8,August,33,13,2,Tuesday,False
2024-08-14,2024,2024Q3,8,August,33,14,3,Wednesday,False
2024-08-15,2024,2024Q3,8,August,33,15,4,Thursday,False
2024-08-16,2024,2024Q3,8,August,33,16,5,Friday,False
2024-08-17,2024,2024Q3,8,August,33,17,6,Saturday,True
2024-08-18,2024,2024Q3,8,August,33,18,7,Sunday,True
2024-08-19,2024,2024Q3,8,August,34,19,1,Monday,False
2024-08-20,2024,2024Q3,8,August,34,20,2,Tuesday,False
2024-08-21,2024,2024Q3,8,August,34,21,3,Wednesday,False
2024-08-22,2024,2024Q3,8,August,34,22,4,Thursday,False
2024-08-23,2024,2024Q3,8,August,34,23,5,Friday,False
2024-08-24,2024,2024Q3,8,August,34,24,6,Saturday,True
2024-08-25,2024,2024Q3,8,August,34,25,7,Sunday,True
2024-08-26,2024,2024Q3,8,August,35,26,1,Monday,False
2024-08-27,2024,2024Q3,8,August,35,27,2,Tuesday,False
2024-08-28,2024,2024Q3,8,August,35,28,3,Wednesday,False
2024-08-29,2024,2024Q3,8,August,35,29,4,Thursday,False
2024-08-30,2024,2024Q3,8,August,35,30,5,Friday,False
2024-08-31,2024,2024Q3,8,August,35,31,6,Saturday,True
2024-09-01,2024,2024Q3,9,September,35,1,7,Sunday,True
2024-09-02,2024,2024Q3,9,September,36,2,1,Monday,False
2024-09-03,2024,2024Q3,9,September,36,3,2,Tuesday,False
2024-09-04,2024,2024Q3,9,September,36,4,3,Wednesday,False
2024-09-05,2024,2024Q3,9,September,36,5,4,Thursday,False
2024-09-06,2024,2024Q3,9,September,36,6,5,Friday,False
2024-09-07,2024,2024Q3,9,September,36,7,6,Saturday,True
2024-09-08,2024,2024Q3,9,September,36,8,7,Sunday,True
2024-09-09,2024,2024Q3,9,September,37,9,1,Monday,False
2024-09-10,2024,2024Q3,9,September,37,10,2,Tuesday,False
2024-09-11,2024,2024Q3,9,September,37,11,3,Wednesday,False
2024-09-12,2024,2024Q3,9,September,37,12,4,Thursday,False
2024-09-13,2024,2024Q3,9,September,37,13,5,Friday,False
2024-09-14,2024,2024Q3,9,September,37,14,6,Saturday,True
2024-09-15,2024,2024Q3,9,September,37,15,7,Sunday,True
2024-09-16,2024,2024Q3,9,September,38,16,1,Monday,False
2024-09-17,2024,2024Q3,9,September,38,17,2,Tuesday,False
2024-09-18,2024,2024Q3,9,September,38,18,3,Wednesday,False
2024-09-19,2024,2024Q3,9,September,38,19,4,Thursday,False
2024-09-20,2024,2024Q3,9,September,38,20,5,Friday,False
2024-09-21,2024,2024Q3,9,September,38,21,6,Saturday,True
2024-09-22,2024,2024Q3,9,September,38,22,7,Sunday,True
2024-09-23,2024,2024Q3,9,September,39,23,1,Monday,False
2024-09-24,2024,2024Q3,9,September,39,24,2,Tuesday,False
2024-09-25,2024,2024Q3,9,September,39,25,3,Wednesday,False
2024-09-26,2024,2024Q3,9,September,39,26,4,Thursday,False
2024-09-27,2024,2024Q3,9,September,39,27,5,Friday,False
2024-09-28,2024,2024Q3,9,September,39,28,6,Saturday,True
2024-09-29,2024,2024Q3,9,September,39,29,7,Sunday,True
2024-09-30,2024,2024Q3,9,September,40,30,1,Monday,False
2024-10-01,2024,2024Q4,10,October,40,1,2,Tuesday,False
2024-10-02,2024,2024Q4,10,October,40,2,3,Wednesday,False
2024-10-03,2024,2024Q4,10,October,40,3,4,Thursday,False
2024-10-04,2024,2024Q4,10,October,40,4,5,Friday,False
2024-10-05,2024,2024Q4,10,October,40,5,6,Saturday,True
2024-10-06,2024,2024Q4,10,October,40,6,7,Sunday,True
2024-10-07,2024,2024Q4,10,October,41,7,1,Monday,False
2024-10-08,2024,2024Q4,10,October,41,8,2,Tuesday,False
2024-10-09,2024,2024Q4,10,October,41,9,3,Wednesday,False
2024-10-10,2024,2024Q4,10,October,41,10,4,Thursday,False
2024-10-11,2024,2024Q4,10,October,41,11,5,Friday,False
2024-10-12,2024,2024Q4,10,October,41,12,6,Saturday,True
2024-10-13,2024,2024Q4,10,October,41,13,7,Sunday,True
2024-10-14,2024,2024Q4,10,October,42,14,1,Monday,False
2024-10-15,2024,2024Q4,10,October,42,15,2,Tuesday,False
2024-10-16,2024,2024Q4,10,October,42,16,3,Wednesday,False
2024-10-17,2024,2024Q4,10,October,42,17,4,Thursday,False
2024-10-18,2024,2024Q4,10,October,42,18,5,Friday,False
2024-10-19,2024,2024Q4,10,October,42,19,6,Saturday,True
2024-10-20,2024,2024Q4,10,October,42,20,7,Sunday,True
2024-10-21,2024,2024Q4,10,October,43,21,1,Monday,False
2024-10-22,2024,2024Q4,10,October,43,22,2,Tuesday,False
2024-10-23,2024,2024Q4,10,October,43,23,3,Wednesday,False
2024-10-24,2024,2024Q4,10,October,43,24,4,Thursday,False
2024-10-25,2024,2024Q4,10,October,43,25,5,Friday,False
2024-10-26,2024,2024Q4,10,October,43,26,6,Saturday,True
2024-10-27,2024,2024Q4,10,October,43,27,7,Sunday,True
2024-10-28,2024,2024Q4,10,October,44,28,1,Monday,False
2024-10-29,2024,2024Q4,10,October,44,29,2,Tuesday,False
2024-10-30,2024,2024Q4,10,October,44,30,3,Wednesday,False
2024-10-31,2024,2024Q4,10,October,44,31,4,Thursday,False
2024-11-01,2024,2024Q4,11,November,44,1,5,Friday,False
2024-11-02,2024,2024Q4,11,November,44,2,6,Saturday,True
2024-11-03,2024,2024Q4,11,November,44,3,7,Sunday,True
2024-11-04,2024,2024Q4,11,November,45,4,1,Monday,False
2024-11-05,2024,2024Q4,11,November,45,5,2,Tuesday,False
2024-11-06,2024,2024Q4,11,November,45,6,3,Wednesday,False
2024-11-07,2024,2024Q4,11,November,45,7,4,Thursday,False
2024-11-08,2024,2024Q4,11,November,45,8,5,Friday,False
2024-11-09,2024,2024Q4,11,November,45,9,6,Saturday,True
2024-11-10,2024,2024Q4,11,November,45,10,7,Sunday,True
2024-11-11,2024,2024Q4,11,November,46,11,1,Monday,False
2024-11-12,2024,2024Q4,11,November,46,12,2,Tuesday,False
2024-11-13,2024,2024Q4,11,November,46,13,3,Wednesday,False
2024-11-14,2024,2024Q4,11,November,46,14,4,Thursday,False
2024-11-15,2024,2024Q4,11,November,46,15,5,Friday,False
2024-11-16,2024,2024Q4,11,November,46,16,6,Saturday,True
2024-11-17,2024,2024Q4,11,November,46,17,7,Sunday,True
2024-11-18,2024,2024Q4,11,November,47,18,1,Monday,False
2024-11-19,2024,2024Q4,11,November,47,19,2,Tuesday,False
2024-11-20,2024,2024Q4,11,November,47,20,3,Wednesday,False
2024-11-21,2024,2024Q4,11,November,47,21,4,Thursday,False
2024-11-22,2024,2024Q4,11,November,47,22,5,Friday,False
2024-11-23,2024,2024Q4,11,November,47,23,6,Saturday,True
2024-11-24,2024,2024Q4,11,November,47,24,7,Sunday,True
2024-11-25,2024,2024Q4,11,November,48,25,1,Monday,False
2024-11-26,2024,2024Q4,11,November,48,26,2,Tuesday,False
2024-11-27,2024,2024Q4,11,November,48,27,3,Wednesday,False
2024-11-28,2024,2024Q4,11,November,48,28,4,Thursday,False
2024-11-29,2024,2024Q4,11,November,48,29,5,Friday,False
2024-11-30,2024,2024Q4,11,November,48,30,6,Saturday,True
2024-12-01,2024,2024Q4,12,December,48,1,7,Sunday,True
2024-12-02,2024,2024Q4,12,December,49,2,1,Monday,False
2024-12-03,2024,2024Q4,12,December,49,3,2,Tuesday,False
2024-12-04,2024,2024Q4,12,December,49,4,3,Wednesday,False
2024-12-05,2024,2024Q4,12,December,49,5,4,Thursday,False
2024-12-06,2024,2024Q4,12,December,49,6,5,Friday,False
2024-12-07,2024,2024Q4,12,December,49,7,6,Saturday,True
2024-12-08,2024,2024Q4,12,December,49,8,7,Sunday,True
2024-12-09,2024,2024Q4,12,December,50,9,1,Monday,False
2024-12-10,2024,2024Q4,12,December,50,10,2,Tuesday,False
2024-12-11,2024,2024Q4,12,December,50,11,3,Wednesday,False
2024-12-12,2024,2024Q4,12,December,50,12,4,Thursday,False
2024-12-13,2024,2024Q4,12,December,50,13,5,Friday,False
2024-12-14,2024,2024Q4,12,December,50,14,6,Saturday,True
2024-12-15,2024,2024Q4,12,December,50,15,7,Sunday,True
2024-12-16,2024,2024Q4,12,December,51,16,1,Monday,False
2024-12-17,2024,2024Q4,12,December,51,17,2,Tuesday,False
2024-12-18,2024,2024Q4,12,December,51,18,3,Wednesday,False
2024-12-19,2024,2024Q4,12,December,51,19,4,Thursday,False
2024-12-20,2024,2024Q4,12,December,51,20,5,Friday,False
2024-12-21,2024,2024Q4,12,December,51,21,6,Saturday,True
2024-12-22,2024,2024Q4,12,December,51,22,7,Sunday,True
2024-12-23,2024,2024Q4,12,December,52,23,1,Monday,False
2024-12-24,2024,2024Q4,12,December,52,24,2,Tuesday,False
2024-12-25,2024,2024Q4,12,December,52,25,3,Wednesday,False
2024-12-26,2024,2024Q4,12,December,52,26,4,Thursday,False
2024-12-27,2024,2024Q4,12,December,52,27,5,Friday,False
2024-12-28,2024,2024Q4,12,December,52,28,6,Saturday,True
2024-12-29,2024,2024Q4,12,December,52,29,7,Sunday,True
2024-12-30,2024,2024Q4,12,December,1,30,1,Monday,False
2024-12-31,2024,2024Q4,12,December,1,31,2,Tuesday,False
2025-01-01,2025,2025Q1,1,January,1,1,3,Wednesday,False
2025-01-02,2025,2025Q1,1,January,1,2,4,Thursday,False
2025-01-03,2025,2025Q1,1,January,1,3,5,Friday,False
2025-01-04,2025,2025Q1,1,January,1,4,6,Saturday,True
2025-01-05,2025,2025Q1,1,January,1,5,7,Sunday,True
2025-01-06,2025,2025Q1,1,January,2,6,1,Monday,False
2025-01-07,2025,2025Q1,1,January,2,7,2,Tuesday,False
2025-01-08,2025,2025Q1,1,January,2,8,3,Wednesday,False
2025-01-09,2025,2025Q1,1,January,2,9,4,Thursday,False
2025-01-10,2025,2025Q1,1,January,2,10,5,Friday,False
2025-01-11,2025,2025Q1,1,January,2,11,6,Saturday,True
2025-01-12,2025,2025Q1,1,January,2,12,7,Sunday,True
2025-01-13,2025,2025Q1,1,January,3,13,1,Monday,False
2025-01-14,2025,2025Q1,1,January,3,14,2,Tuesday,False
2025-01-15,2025,2025Q1,1,January,3,15,3,Wednesday,False
2025-01-16,2025,2025Q1,1,January,3,16,4,Thursday,False
2025-01-17,2025,2025Q1,1,January,3,17,5,Friday,False
2025-01-18,2025,2025Q1,1,January,3,18,6,Saturday,True
2025-01-19,2025,2025Q1,1,January,3,19,7,Sunday,True
2025-01-20,2025,2025Q1,1,January,4,20,1,Monday,False
2025-01-21,2025,2025Q1,1,January,4,21,2,Tuesday,False
2025-01-22,2025,2025Q1,1,January,4,22,3,Wednesday,False
2025-01-23,2025,2025Q1,1,January,4,23,4,Thursday,False
2025-01-24,2025,2025Q1,1,January,4,24,5,Friday,False
2025-01-25,2025,2025Q1,1,January,4,25,6,Saturday,True
2025-01-26,2025,2025Q1,1,January,4,26,7,Sunday,True
2025-01-27,2025,2025Q1,1,January,5,27,1,Monday,False
2025-01-28,2025,2025Q1,1,January,5,28,2,Tuesday,False
2025-01-29,2025,2025Q1,1,January,5,29,3,Wednesday,False
2025-01-30,2025,2025Q1,1,January,5,30,4,Thursday,False
2025-01-31,2025,2025Q1,1,January,5,31,5,Friday,False
2025-02-01,2025,2025Q1,2,February,5,1,6,Saturday,True
2025-02-02,2025,2025Q1,2,February,5,2,7,Sunday,True
2025-02-03,2025,2025Q1,2,February,6,3,1,Monday,False
2025-02-04,2025,2025Q1,2,February,6,4,2,Tuesday,False
2025-02-05,2025,2025Q1,2,February,6,5,3,Wednesday,False
2025-02-06,2025,2025Q1,2,February,6,6,4,Thursday,False
2025-02-07,2025,2025Q1,2,February,6,7,5,Friday,False
2025-02-08,2025,2025Q1,2,February,6,8,6,Saturday,True
2025-02-09,2025,2025Q1,2,February,6,9,7,Sunday,True
2025-02-10,2025,2025Q1,2,February,7,10,1,Monday,False
2025-02-11,2025,2025Q1,2,February,7,11,2,Tuesday,False
2025-02-12,2025,2025Q1,2,February,7,12,3,Wednesday,False
2025-02-13,2025,2025Q1,2,February,7,13,4,Thursday,False
2025-02-14,2025,2025Q1,2,February,7,14,5,Friday,False
2025-02-15,2025,2025Q1,2,February,7,15,6,Saturday,True
2025-02-16,2025,2025Q1,2,February,7,16,7,Sunday,True
2025-02-17,2025,2025Q1,2,February,8,17,1,Monday,False
2025-02-18,2025,2025Q1,2,February,8,18,2,Tuesday,False
2025-02-19,2025,2025Q1,2,February,8,19,3,Wednesday,False
2025-02-20,2025,2025Q1,2,February,8,20,4,Thursday,False
2025-02-21,2025,2025Q1,2,February,8,21,5,Friday,False
2025-02-22,2025,2025Q1,2,February,8,22,6,Saturday,True
2025-02-23,2025,2025Q1,2,February,8,23,7,Sunday,True
2025-02-24,2025,2025Q1,2,February,9,24,1,Monday,False
2025-02-25,2025,2025Q1,2,February,9,25,2,Tuesday,False
2025-02-26,2025,2025Q1,2,February,9,26,3,Wednesday,False
2025-02-27,2025,2025Q1,2,February,9,27,4,Thursday,False
2025-02-28,2025,2025Q1,2,February,9,28,5,Friday,False
2025-03-01,2025,2025Q1,3,March,9,1,6,Saturday,True
2025-03-02,2025,2025Q1,3,March,9,2,7,Sunday,True
2025-03-03,2025,2025Q1,3,March,10,3,1,Monday,False
2025-03-04,2025,2025Q1,3,March,10,4,2,Tuesday,False
2025-03-05,2025,2025Q1,3,March,10,5,3,Wednesday,False
2025-03-06,2025,2025Q1,3,March,10,6,4,Thursday,False
2025-03-07,2025,2025Q1,3,March,10,7,5,Friday,False
2025-03-08,2025,2025Q1,3,March,10,8,6,Saturday,True
2025-03-09,2025,2025Q1,3,March,10,9,7,Sunday,True
2025-03-10,2025,2025Q1,3,March,11,10,1,Monday,False
2025-03-11,2025,2025Q1,3,March,11,11,2,Tuesday,False
2025-03-12,2025,2025Q1,3,March,11,12,3,Wednesday,False
2025-03-13,2025,2025Q1,3,March,11,13,4,Thursday,False
2025-03-14,2025,2025Q1,3,March,11,14,5,Friday,False
2025-03-15,2025,2025Q1,3,March,11,15,6,Saturday,True
2025-03-16,2025,2025Q1,3,March,11,16,7,Sunday,True
2025-03-17,2025,2025Q1,3,March,12,17,1,Monday,False
2025-03-18,2025,2025Q1,3,March,12,18,2,Tuesday,False
2025-03-19,2025,2025Q1,3,March,12,19,3,Wednesday,False
2025-03-20,2025,2025Q1,3,March,12,20,4,Thursday,False
2025-03-21,2025,2025Q1,3,March,12,21,5,Friday,False
2025-03-22,2025,2025Q1,3,March,12,22,6,Saturday,True
2025-03-23,2025,2025Q1,3,March,12,23,7,Sunday,True
2025-03-24,2025,2025Q1,3,March,13,24,1,Monday,False
2025-03-25,2025,2025Q1,3,March,13,25,2,Tuesday,False
2025-03-26,2025,2025Q1,3,March,13,26,3,Wednesday,False
2025-03-27,2025,2025Q1,3,March,13,27,4,Thursday,False
2025-03-28,2025,2025Q1,3,March,13,28,5,Friday,False
2025-03-29,2025,2025Q1,3,March,13,29,6,Saturday,True
2025-03-30,2025,2025Q1,3,March,13,30,7,Sunday,True
2025-03-31,2025,2025Q1,3,March,14,31,1,Monday,False
2025-04-01,2025,2025Q2,4,April,14,1,2,Tuesday,False
2025-04-02,2025,2025Q2,4,April,14,2,3,Wednesday,False
2025-04-03,2025,2025Q2,4,April,14,3,4,Thursday,False
2025-04-04,2025,2025Q2,4,April,14,4,5,Friday,False
2025-04-05,2025,2025Q2,4,April,14,5,6,Saturday,True
2025-04-06,2025,2025Q2,4,April,14,6,7,Sunday,True
2025-04-07,2025,2025Q2,4,April,15,7,1,Monday,False
2025-04-08,2025,2025Q2,4,April,15,8,2,Tuesday,False
2025-04-09,2025,2025Q2,4,April,15,9,3,Wednesday,False
2025-04-10,2025,2025Q2,4,April,15,10,4,Thursday,False
2025-04-11,2025,2025Q2,4,April,15,11,5,Friday,False
2025-04-12,2025,2025Q2,4,April,15,12,6,Saturday,True
2025-04-13,2025,2025Q2,4,April,15,13,7,Sunday,True
2025-04-14,2025,2025Q2,4,April,16,14,1,Monday,False
2025-04-15,2025,2025Q2,4,April,16,15,2,Tuesday,False
2025-04-16,2025,2025Q2,4,April,16,16,3,Wednesday,False
2025-04-17,2025,2025Q2,4,April,16,17,4,Thursday,False
2025-04-18,2025,2025Q2,4,April,16,18,5,Friday,False
2025-04-19,2025,2025Q2,4,April,16,19,6,Saturday,True
2025-04-20,2025,2025Q2,4,April,16,20,7,Sunday,True
2025-04-21,2025,2025Q2,4,April,17,21,1,Monday,False
2025-04-22,2025,2025Q2,4,April,17,22,2,Tuesday,False
2025-04-23,2025,2025Q2,4,April,17,23,3,Wednesday,False
2025-04-24,2025,2025Q2,4,April,17,24,4,Thursday,False
2025-04-25,2025,2025Q2,4,April,17,25,5,Friday,False
2025-04-26,2025,2025Q2,4,April,17,26,6,Saturday,True
2025-04-27,2025,2025Q2,4,April,17,27,7,Sunday,True
2025-04-28,2025,2025Q2,4,April,18,28,1,Monday,False
2025-04-29,2025,2025Q2,4,April,18,29,2,Tuesday,False
2025-04-30,2025,2025Q2,4,April,18,30,3,Wednesday,False
2025-05-01,2025,2025Q2,5,May,18,1,4,Thursday,False
2025-05-02,2025,2025Q2,5,May,18,2,5,Friday,False
2025-05-03,2025,2025Q2,5,May,18,3,6,Saturday,True
2025-05-04,2025,2025Q2,5,May,18,4,7,Sunday,True
2025-05-05,2025,2025Q2,5,May,19,5,1,Monday,False
2025-05-06,2025,2025Q2,5,May,19,6,2,Tuesday,False
2025-05-07,2025,2025Q2,5,May,19,7,3,Wednesday,False
2025-05-08,2025,2025Q2,5,May,19,8,4,Thursday,False
2025-05-09,2025,2025Q2,5,May,19,9,5,Friday,False
2025-05-10,2025,2025Q2,5,May,19,10,6,Saturday,True
2025-05-11,2025,2025Q2,5,May,19,11,7,Sunday,True
2025-05-12,2025,2025Q2,5,May,20,12,1,Monday,False
2025-05-13,2025,2025Q2,5,May,20,13,2,Tuesday,False
2025-05-14,2025,2025Q2,5,May,20,14,3,Wednesday,False
2025-05-15,2025,2025Q2,5,May,20,15,4,Thursday,False
2025-05-16,2025,2025Q2,5,May,20,16,5,Friday,False
2025-05-17,2025,2025Q2,5,May,20,17,6,Saturday,True
2025-05-18,2025,2025Q2,5,May,20,18,7,Sunday,True
2025-05-19,2025,2025Q2,5,May,21,19,1,Monday,False
2025-05-20,2025,2025Q2,5,May,21,20,2,Tuesday,False
2025-05-21,2025,2025Q2,5,May,21,21,3,Wednesday,False
2025-05-22,2025,2025Q2,5,May,21,22,4,Thursday,False
2025-05-23,2025,2025Q2,5,May,21,23,5,Friday,False
2025-05-24,2025,2025Q2,5,May,21,24,6,Saturday,True
2025-05-25,2025,2025Q2,5,May,21,25,7,Sunday,True
2025-05-26,2025,2025Q2,5,May,22,26,1,Monday,False
2025-05-27,2025,2025Q2,5,May,22,27,2,Tuesday,False
2025-05-28,2025,2025Q2,5,May,22,28,3,Wednesday,False
2025-05-29,2025,2025Q2,5,May,22,29,4,Thursday,False
2025-05-30,2025,2025Q2,5,May,22,30,5,Friday,False
2025-05-31,2025,2025Q2,5,May,22,31,6,Saturday,True
2025-06-01,2025,2025Q2,6,June,22,1,7,Sunday,True
2025-06-02,2025,2025Q2,6,June,23,2,1,Monday,False
2025-06-03,2025,2025Q2,6,June,23,3,2,Tuesday,False
2025-06-04,2025,2025Q2,6,June,23,4,3,Wednesday,False
2025-06-05,2025,2025Q2,6,June,23,5,4,Thursday,False
2025-06-06,2025,2025Q2,6,June,23,6,5,Friday,False
2025-06-07,2025,2025Q2,6,June,23,7,6,Saturday,True
2025-06-08,2025,2025Q2,6,June,23,8,7,Sunday,True
2025-06-09,2025,2025Q2,6,June,24,9,1,Monday,False
2025-06-10,2025,2025Q2,6,June,24,10,2,Tuesday,False
2025-06-11,2025,2025Q2,6,June,24,11,3,Wednesday,False
2025-06-12,2025,2025Q2,6,June,24,12,4,Thursday,False
2025-06-13,2025,2025Q2,6,June,24,13,5,Friday,False
2025-06-14,2025,2025Q2,6,June,24,14,6,Saturday,True
2025-06-15,2025,2025Q2,6,June,24,15,7,Sunday,True
2025-06-16,2025,2025Q2,6,June,25,16,1,Monday,False
2025-06-17,2025,2025Q2,6,June,25,17,2,Tuesday,False
2025-06-18,2025,2025Q2,6,June,25,18,3,Wednesday,False
2025-06-19,2025,2025Q2,6,June,25,19,4,Thursday,False
2025-06-20,2025,2025Q2,6,June,25,20,5,Friday,False
2025-06-21,2025,2025Q2,6,June,25,21,6,Saturday,True
2025-06-22,2025,2025Q2,6,June,25,22,7,Sunday,True
2025-06-23,2025,2025Q2,6,June,26,23,1,Monday,False
2025-06-24,2025,2025Q2,6,June,26,24,2,Tuesday,False
2025-06-25,2025,2025Q2,6,June,26,25,3,Wednesday,False
2025-06-26,2025,2025Q2,6,June,26,26,4,Thursday,False
2025-06-27,2025,2025Q2,6,June,26,27,5,Friday,False
2025-06-28,2025,2025Q2,6,June,26,28,6,Saturday,True
2025-06-29,2025,2025Q2,6,June,26,29,7,Sunday,True
2025-06-30,2025,2025Q2,6,June,27,30,1,Monday,False
2025-07-01,2025,2025Q3,7,July,27,1,2,Tuesday,False
2025-07-02,2025,2025Q3,7,July,27,2,3,Wednesday,False
2025-07-03,2025,2025Q3,7,July,27,3,4,Thursday,False
2025-07-04,2025,2025Q3,7,July,27,4,5,Friday,False
2025-07-05,2025,2025Q3,7,July,27,5,6,Saturday,True
2025-07-06,2025,2025Q3,7,July,27,6,7,Sunday,True
2025-07-07,2025,2025Q3,7,July,28,7,1,Monday,False
2025-07-08,2025,2025Q3,7,July,28,8,2,Tuesday,False
2025-07-09,2025,2025Q3,7,July,28,9,3,Wednesday,False
2025-07-10,2025,2025Q3,7,July,28,10,4,Thursday,False
2025-07-11,2025,2025Q3,7,July,28,11,5,Friday,False
2025-07-12,2025,2025Q3,7,July,28,12,6,Saturday,True
2025-07-13,2025,2025Q3,7,July,28,13,7,Sunday,True
2025-07-14,2025,2025Q3,7,July,29,14,1,Monday,False
2025-07-15,2025,2025Q3,7,July,29,15,2,Tuesday,False
2025-07-16,2025,2025Q3,7,July,29,16,3,Wednesday,False
2025-07-17,2025,2025Q3,7,July,29,17,4,Thursday,False
2025-07-18,2025,2025Q3,7,July,29,18,5,Friday,False
2025-07-19,2025,2025Q3,7,July,29,19,6,Saturday,True
2025-07-20,2025,2025Q3,7,July,29,20,7,Sunday,True
2025-07-21,2025,2025Q3,7,July,30,21,1,Monday,False
2025-07-22,2025,2025Q3,7,July,30,22,2,Tuesday,False
2025-07-23,2025,2025Q3,7,July,30,23,3,Wednesday,False
2025-07-24,2025,2025Q3,7,July,30,24,4,Thursday,False
2025-07-25,2025,2025Q3,7,July,30,25,5,Friday,False
2025-07-26,2025,2025Q3,7,July,30,26,6,Saturday,True
2025-07-27,2025,2025Q3,7,July,30,27,7,Sunday,True
2025-07-28,2025,2025Q3,7,July,31,28,1,Monday,False
2025-07-29,2025,2025Q3,7,July,31,29,2,Tuesday,False
2025-07-30,2025,2025Q3,7,July,31,30,3,Wednesday,False
2025-07-31,2025,2025Q3,7,July,31,31,4,Thursday,False
2025-08-01,2025,2025Q3,8,August,31,1,5,Friday,False
2025-08-02,2025,2025Q3,8,August,31,2,6,Saturday,True
2025-08-03,2025,2025Q3,8,August,31,3,7,Sunday,True
2025-08-04,2025,2025Q3,8,August,32,4,1,Monday,False
2025-08-05,2025,2025Q3,8,August,32,5,2,Tuesday,False
2025-08-06,2025,2025Q3,8,August,32,6,3,Wednesday,False
2025-08-07,2025,2025Q3,8,August,32,7,4,Thursday,False
2025-08-08,2025,2025Q3,8,August,32,8,5,Friday,False
2025-08-09,2025,2025Q3,8,August,32,9,6,Saturday,True
2025-08-10,2025,2025Q3,8,August,32,10,7,Sunday,True
2025-08-11,2025,2025Q3,8,August,33,11,1,Monday,False
2025-08-12,2025,2025Q3,8,August,33,12,2,Tuesday,False
2025-08-13,2025,2025Q3,8,August,33,13,3,Wednesday,False
2025-08-14,2025,2025Q3,8,August,33,14,4,Thursday,False
2025-08-15,2025,2025Q3,8,August,33,15,5,Friday,False
2025-08-16,2025,2025Q3,8,August,33,16,6,Saturday,True
2025-08-17,2025,2025Q3,8,August,33,17,7,Sunday,True
2025-08-18,2025,2025Q3,8,August,34,18,1,Monday,False
2025-08-19,2025,2025Q3,8,August,34,19,2,Tuesday,False
2025-08-20,2025,2025Q3,8,August,34,20,3,Wednesday,False
2025-08-21,2025,2025Q3,8,August,34,21,4,Thursday,False
2025-08-22,2025,2025Q3,8,August,34,22,5,Friday,False
2025-08-23,2025,2025Q3,8,August,34,23,6,Saturday,True
2025-08-24,2025,2025Q3,8,August,34,24,7,Sunday,True
2025-08-25,2025,2025Q3,8,August,35,25,1,Monday,False
2025-08-26,2025,2025Q3,8,August,35,26,2,Tuesday,False
2025-08-27,2025,2025Q3,8,August,35,27,3,Wednesday,False
2025-08-28,2025,2025Q3,8,August,35,28,4,Thursday,False
2025-08-29,2025,2025Q3,8,August,35,29,5,Friday,False
2025-08-30,2025,2025Q3,8,August,35,30,6,Saturday,True
2025-08-31,2025,2025Q3,8,August,35,31,7,Sunday,True
2025-09-01,2025,2025Q3,9,September,36,1,1,Monday,False
2025-09-02,2025,2025Q3,9,September,36,2,2,Tuesday,False
2025-09-03,2025,2025Q3,9,September,36,3,3,Wednesday,False
2025-09-04,2025,2025Q3,9,September,36,4,4,Thursday,False
2025-09-05,2025,2025Q3,9,September,36,5,5,Friday,False
2025-09-06,2025,2025Q3,9,September,36,6,6,Saturday,True
2025-09-07,2025,2025Q3,9,September,36,7,7,Sunday,True
2025-09-08,2025,2025Q3,9,September,37,8,1,Monday,False
2025-09-09,2025,2025Q3,9,September,37,9,2,Tuesday,False
2025-09-10,2025,2025Q3,9,September,37,10,3,Wednesday,False
2025-09-11,2025,2025Q3,9,September,37,11,4,Thursday,False
2025-09-12,2025,2025Q3,9,September,37,12,5,Friday,False
2025-09-13,2025,2025Q3,9,September,37,13,6,Saturday,True
2025-09-14,2025,2025Q3,9,September,37,14,7,Sunday,True
2025-09-15,2025,2025Q3,9,September,38,15,1,Monday,False
2025-09-16,2025,2025Q3,9,September,38,16,2,Tuesday,False
2025-09-17,2025,2025Q3,9,September,38,17,3,Wednesday,False
2025-09-18,2025,2025Q3,9,September,38,18,4,Thursday,False
2025-09-19,2025,2025Q3,9,September,38,19,5,Friday,False
2025-09-20,2025,2025Q3,9,September,38,20,6,Saturday,True
2025-09-21,2025,2025Q3,9,September,38,21,7,Sunday,True
2025-09-22,2025,2025Q3,9,September,39,22,1,Monday,False
2025-09-23,2025,2025Q3,9,September,39,23,2,Tuesday,False
2025-09-24,2025,2025Q3,9,September,39,24,3,Wednesday,False
2025-09-25,2025,2025Q3,9,September,39,25,4,Thursday,False
2025-09-26,2025,2025Q3,9,September,39,26,5,Friday,False
2025-09-27,2025,2025Q3,9,September,39,27,6,Saturday,True
2025-09-28,2025,2025Q3,9,September,39,28,7,Sunday,True
2025-09-29,2025,2025Q3,9,September,40,29,1,Monday,False
2025-09-30,2025,2025Q3,9,September,40,30,2,Tuesday,False
2025-10-01,2025,2025Q4,10,October,40,1,3,Wednesday,False
2025-10-02,2025,2025Q4,10,October,40,2,4,Thursday,False
2025-10-03,2025,2025Q4,10,October,40,3,5,Friday,False
2025-10-04,2025,2025Q4,10,October,40,4,6,Saturday,True
2025-10-05,2025,2025Q4,10,October,40,5,7,Sunday,True
2025-10-06,2025,2025Q4,10,October,41,6,1,Monday,False
2025-10-07,2025,2025Q4,10,October,41,7,2,Tuesday,False
2025-10-08,2025,2025Q4,10,October,41,8,3,Wednesday,False
2025-10-09,2025,2025Q4,10,October,41,9,4,Thursday,False
2025-10-10,2025,2025Q4,10,October,41,10,5,Friday,False
2025-10-11,2025,2025Q4,10,October,41,11,6,Saturday,True
2025-10-12,2025,2025Q4,10,October,41,12,7,Sunday,True
2025-10-13,2025,2025Q4,10,October,42,13,1,Monday,False
2025-10-14,2025,2025Q4,10,October,42,14,2,Tuesday,False
2025-10-15,2025,2025Q4,10,October,42,15,3,Wednesday,False
2025-10-16,2025,2025Q4,10,October,42,16,4,Thursday,False
2025-10-17,2025,2025Q4,10,October,42,17,5,Friday,False
2025-10-18,2025,2025Q4,10,October,42,18,6,Saturday,True
2025-10-19,2025,2025Q4,10,October,42,19,7,Sunday,True
2025-10-20,2025,2025Q4,10,October,43,20,1,Monday,False
2025-10-21,2025,2025Q4,10,October,43,21,2,Tuesday,False
2025-10-22,2025,2025Q4,10,October,43,22,3,Wednesday,False
2025-10-23,2025,2025Q4,10,October,43,23,4,Thursday,False
2025-10-24,2025,2025Q4,10,October,43,24,5,Friday,False
2025-10-25,2025,2025Q4,10,October,43,25,6,Saturday,True
2025-10-26,2025,2025Q4,10,October,43,26,7,Sunday,True
2025-10-27,2025,2025Q4,10,October,44,27,1,Monday,False
2025-10-28,2025,2025Q4,10,October,44,28,2,Tuesday,False
2025-10-29,2025,2025Q4,10,October,44,29,3,Wednesday,False
2025-10-30,2025,2025Q4,10,October,44,30,4,Thursday,False
2025-10-31,2025,2025Q4,10,October,44,31,5,Friday,False
2025-11-01,2025,2025Q4,11,November,44,1,6,Saturday,True
2025-11-02,2025,2025Q4,11,November,44,2,7,Sunday,True
2025-11-03,2025,2025Q4,11,November,45,3,1,Monday,False
2025-11-04,2025,2025Q4,11,November,45,4,2,Tuesday,False
2025-11-05,2025,2025Q4,11,November,45,5,3,Wednesday,False
2025-11-06,2025,2025Q4,11,November,45,6,4,Thursday,False
2025-11-07,2025,2025Q4,11,November,45,7,5,Friday,False
2025-11-08,2025,2025Q4,11,November,45,8,6,Saturday,True
2025-11-09,2025,2025Q4,11,November,45,9,7,Sunday,True
2025-11-10,2025,2025Q4,11,November,46,10,1,Monday,False
2025-11-11,2025,2025Q4,11,November,46,11,2,Tuesday,False
2025-11-12,2025,2025Q4,11,November,46,12,3,Wednesday,False
2025-11-13,2025,2025Q4,11,November,46,13,4,Thursday,False
2025-11-14,2025,2025Q4,11,November,46,14,5,Friday,False
2025-11-15,2025,2025Q4,11,November,46,15,6,Saturday,True
2025-11-16,2025,2025Q4,11,November,46,16,7,Sunday,True
2025-11-17,2025,2025Q4,11,November,47,17,1,Monday,False
2025-11-18,2025,2025Q4,11,November,47,18,2,Tuesday,False
2025-11-19,2025,2025Q4,11,November,47,19,3,Wednesday,False
2025-11-20,2025,2025Q4,11,November,47,20,4,Thursday,False
2025-11-21,2025,2025Q4,11,November,47,21,5,Friday,False
2025-11-22,2025,2025Q4,11,November,47,22,6,Saturday,True
2025-11-23,2025,2025Q4,11,November,47,23,7,Sunday,True
2025-11-24,2025,2025Q4,11,November,48,24,1,Monday,False
2025-11-25,2025,2025Q4,11,November,48,25,2,Tuesday,False
2025-11-26,2025,2025Q4,11,November,48,26,3,Wednesday,False
2025-11-27,2025,2025Q4,11,November,48,27,4,Thursday,False
2025-11-28,2025,2025Q4,11,November,48,28,5,Friday,False
2025-11-29,2025,2025Q4,11,November,48,29,6,Saturday,True
2025-11-30,2025,2025Q4,11,November,48,30,7,Sunday,True
2025-12-01,2025,2025Q4,12,December,49,1,1,Monday,False
2025-12-02,2025,2025Q4,12,December,49,2,2,Tuesday,False
2025-12-03,2025,2025Q4,12,December,49,3,3,Wednesday,False
2025-12-04,2025,2025Q4,12,December,49,4,4,Thursday,False
2025-12-05,2025,2025Q4,12,December,49,5,5,Friday,False
2025-12-06,2025,2025Q4,12,December,49,6,6,Saturday,True
2025-12-07,2025,2025Q4,12,December,49,7,7,Sunday,True
2025-12-08,2025,2025Q4,12,December,50,8,1,Monday,False
2025-12-09,2025,2025Q4,12,December,50,9,2,Tuesday,False
2025-12-10,2025,2025Q4,12,December,50,10,3,Wednesday,False
2025-12-11,2025,2025Q4,12,December,50,11,4,Thursday,False
2025-12-12,2025,2025Q4,12,December,50,12,5,Friday,False
2025-12-13,2025,2025Q4,12,December,50,13,6,Saturday,True
2025-12-14,2025,2025Q4,12,December,50,14,7,Sunday,True
2025-12-15,2025,2025Q4,12,December,51,15,1,Monday,False
2025-12-16,2025,2025Q4,12,December,51,16,2,Tuesday,False
2025-12-17,2025,2025Q4,12,December,51,17,3,Wednesday,False
2025-12-18,2025,2025Q4,12,December,51,18,4,Thursday,False
2025-12-19,2025,2025Q4,12,December,51,19,5,Friday,False
2025-12-20,2025,2025Q4,12,December,51,20,6,Saturday,True
2025-12-21,2025,2025Q4,12,December,51,21,7,Sunday,True
2025-12-22,2025,2025Q4,12,December,52,22,1,Monday,False
2025-12-23,2025,2025Q4,12,December,52,23,2,Tuesday,False
2025-12-24,2025,2025Q4,12,December,52,24,3,Wednesday,False
2025-12-25,2025,2025Q4,12,December,52,25,4,Thursday,False
2025-12-26,2025,2025Q4,12,December,52,26,5,Friday,False
2025-12-27,2025,2025Q4,12,December,52,27,6,Saturday,True
2025-12-28,2025,2025Q4,12,December,52,28,7,Sunday,True
2025-12-29,2025,2025Q4,12,December,1,29,1,Monday,False
2025-12-30,2025,2025Q4,12,December,1,30,2,Tuesday,False
2025-12-31,2025,2025Q4,12,December,1,31,3,Wednesday,False
